"","cluster","next.cluster","geo_id","StartTime","EndTime","Lon.50.","Lon.2.5.","Lon.97.5.","Lat.50.","Lat.2.5.","Lat.97.5.","sitenum","duration","period","geo.id2","band.id","animal.id","animal.taxon","deploy.on.date","deploy.on.time_GMT","deploy.off.date","deploy.off.time","lig.estimated.deploy.day","lig.estimated.recovery.day","animal.latest.date.born","animal.life.stage","Age.status","Wing.cord.mm","animal.mass","animal.sex","animal.taxon.detail","attachment.type","deploy.latitude","deploy.longitude","recovery.latitude","recovery.longitude","deployment.comments","deployment.end.type","manipulation.type","study.site","deploy.range","tag.comments","study.site.specification","tag.manufacturer.name","tag.mass","tag.model","tag.readout.method","tag.serial.no","Study","preliminary_analysis","recording_interval_seconds","light_threshold","Time_shift_hours","Recorded_North_South_mig","Light_Data_Available","Time_shift","In_habitat_median_zenith_angle","Hill_Ekstrom_median_angle","tol","MCMC.iter","MCMC.thin","MCMC.chains","changeLight.days","changelight.quantile","mergesites.distance","stat.nbr.limit","path.elongated","Insert_twilights","Range_region","Fall_carrib_edits","Clock_drift_edits","mod.deploy.lon","mod.deploy.lat","nbr.arrival","nbr.departure","spring.equinox.year","spring.equinox.date","Recaptured","IH.calib.start","IH.calib.end","IH.calib.start2","IH.calib.end2","Zenith0_adjustment","br.departure","br.arrival","br.departure.woodsworth","br.arrival.woodsworth","nbr.arrival.woodsworth","nbr.departure.woodsworth","X","First.trans.flight.start","first.trans.flight.start","First.trans.flight.start.1","first.trans.flight.start.1","light.review.quality","Breeding_region_MC","site_type","IQR.lon.dist","IQR.lat.dist","fall.br.departure","spring.br.arrival","NB_count","year.difference","Standard.geo.id","NB.last.site.arrival","sorted.num","geometry"
"1",14,12,"3254_001","2016-10-28 21:58:42","2017-04-11 09:46:58",-57.2446665038422,-57.8700526544625,-56.4197515176272,5.8156595663044,4.96156620245672,6.4251740587843,7,164.491851851852,"Non-breeding period","","2740-82912",NA,"Setophaga","2016-06-14","13:41:00","2017-06-10",NA,"2016-06-14","2017-06-10","","AHY","Adult",75,12.73,"Male","striata","harness",64.820971,-163.71321,NA,NA,"","","","Nome, Alaska","Breeding","",NA,"Biotrack","?","MK-6","",NA,"Deluca et al. 2019","No",120,NA,NA,"Both","Yes","No",92.97459648,93,0.01,1000,20,3,1,0.86,250,14,TRUE,"No","Western",FALSE,FALSE,-163.71321,64.82774,"2016-10-28","2017-04-11",2017,"2017-03-20","No","2016-08-10","2016-08-20",NA,NA,0,"2016-08-22","2017-05-29","2016-07-25 0:00","2017-05-29 0:00","2016-10-31","2017-04-08",NA,"","","","","","Northwestern Region","Nonbreeding",160615.781798062,162928.081287421,"2016-08-18",NA,1,0,"3254-001","2016-10-28 21:58:42",14,c(1858754.03636972, 652379.705376583)
"2",14,12,"3254_008","2016-10-26 22:02:03","2017-04-04 09:47:43",-58.2953088859343,-58.3881090629413,-58.1888564490777,1.24187771826638,0.777484328806457,1.70071947458949,9,159.490046296296,"Non-breeding period","","2740-82911",NA,"Setophaga","2016-06-14","12:46:00","2017-06-05",NA,"2016-06-14","2017-06-05","","AHY","Adult",76,12.46,"Male","striata","harness",64.83017,-163.7117,NA,NA,"","","","Nome, Alaska","Breeding","",NA,"Biotrack","?","MK-6","",NA,"Deluca et al. 2019","No",120,NA,NA,"Both","Yes","No",92.39717321,92.75,0.085,1000,20,3,1,0.8,250,14,TRUE,"No","Western",FALSE,FALSE,-163.71321,64.82774,"2016-10-26","2017-04-04",2017,"2017-03-20","No","2016-08-01","2016-08-20",NA,NA,2,"2016-08-25","2017-05-29","2016-10-30","2017-04-06","2016-10-30","2017-06-03 0:00",NA,"","","","","","Northwestern Region","Nonbreeding",22175.4894742268,102774.06631102,"2016-08-25",NA,1,0,"3254-008","2016-10-26 22:02:03",14,c(1747963.49559118, 139066.185248602)
"3",12,7,"3254_057","2016-10-17 22:21:06","2017-04-16 22:37:52",-63.3741121313668,-63.4455316040345,-63.334754944971,2.56855419526108,2.17327233139867,2.74348051203202,7,181.011643518518,"Non-breeding period","","2740-82921",NA,"Setophaga","2016-06-15","11:40:00","2017-06-07",NA,"2016-06-15","2017-06-07","","AHY","Adult",76,13.35,"Male","striata","harness",64.6375,-165.28943,NA,NA,"","","","Nome, Alaska","Breeding","",NA,"Biotrack","?","MK-6","",NA,"Deluca et al. 2019","No",120,NA,NA,"Both","Yes","No",91.77571139,93,0.14,1000,20,3,2,0.88,250,14,TRUE,"No","Western",FALSE,FALSE,-163.71321,64.82774,"2016-10-17","2017-04-16",2017,"2017-03-20","No","2016-08-01","2016-08-20",NA,NA,2.5,"2016-08-23","2017-06-01","2016-08-22","2017-06-04","2016-10-29","2017-04-02",NA,"","","","","","Northwestern Region","Nonbreeding",12319.2119127807,63475.284314264,"2016-08-23",NA,1,0,"3254-057","2016-10-17 22:21:06",12,c(1182077.56229309, 285662.756141888)
"4",12,4,"4068_014","2016-10-12 10:15:02","2017-04-19 09:57:36",-62.8522607552897,-63.091121513093,-62.6425992808387,3.48527536510173,2.0809831040349,4.81111077973115,8,188.987893518519,"Non-breeding period","","1760-53551",NA,"Setophaga","2016-06-05","12:01:00","2017-06-03",NA,"2016-06-05","2017-06-03","",NA,NA,NA,NA,"Male","striata","harness",63.72073,-149.42917,NA,NA,"","","","Denali, Alaska","Breeding","",NA,"Biotrack","?","MK-6","",NA,"Deluca et al. 2019","Yes ",120,NA,NA,"Both","Yes","No",91.51453942,91.75,0.1,1000,20,3,2,0.86,250,14,FALSE,"No","Western",FALSE,FALSE,-149.416795,63.722625,"2016-10-12","2017-04-19",2017,"2017-03-20","No","2016-08-01","2016-08-20",NA,NA,2,"2016-08-18","2017-05-29","2016-08-19","2017-05-28","2016-10-26","2017-04-19",NA,"","","","","","Northwestern Region","Nonbreeding",49836.9195850331,303916.42265913,"2016-08-18","2017-06-04",1,0,"4068-014","2016-10-12 10:15:02",12,c(1239432.12345874, 387842.939248424)
"5",11,10,"4105_008","2016-10-22 22:10:16","2017-04-24 10:28:11",-69.2551340131297,-69.4913968634287,-68.9976359456035,0.608838019990415,-0.311634617355495,1.38645422638915,6,183.51244212963,"Non-breeding period","","2740-81720",NA,"Setophaga","2016-06-18","","2017-06-25",NA,"2016-06-18","2017-06-25","","AHY","Adult",76,12.75,"Male","striata","harness",58.72798,-93.8313,NA,NA,"","","","Churchill, Manitoba","Breeding","",NA,"Biotrack","?","MK-6","",NA,"Deluca et al. 2019","Yes ",120,NA,NA,"Both","Yes","No",92.73995246,90,0.18,1000,20,3,1,0.9,250,14,FALSE,"No","Central",FALSE,FALSE,-93.8313,58.71955,"2016-10-22","2017-04-24",2017,"2017-03-20","No","2016-07-01","2016-08-20","2017-06-08","2017-06-22",-2.5,"2016-08-28","2017-06-04","2016-08-28","2017-06-05","2016-11-05","2017-04-28",NA,"","","","","","Central Region","Nonbreeding",54962.1107100029,189030.385407392,"2016-09-09","2017-06-04",1,0,"4105-008","2016-10-22 22:10:16",13,c(528176.299550619, 67399.3770990067)
"6",12,9,"4105_009","2016-10-13 22:14:05.585144","2017-05-03 22:45:11.263434",-67.0192329471321,-67.0787429465488,-66.939002725294,3.61531308946411,3.37447664788752,3.82620155073408,7,202.021593498728,"Non-breeding period","","2740-81717",NA,"Setophaga","2016-06-18","","2017-06-27",NA,"2016-06-18","2017-06-27","","ASY","Adult",74.5,12.25,"Male","striata","harness",58.731288,-93.82587,NA,NA,"","","","Churchill, Manitoba","Breeding","",NA,"Biotrack","?","MK-6","",NA,"Deluca et al. 2019","No",120,NA,NA,"Both","Yes","No",91.7408646,90.25,0.08,1000,20,3,1,0.9,250,14,FALSE,"No","Central",FALSE,TRUE,-93.8313,58.71955,"2016-10-13","2017-05-03",2017,"2017-03-20","No","2016-07-01","2016-08-20","2017-06-12","2017-06-23",0,"2016-08-28","2017-06-01","2016-08-28","2017-06-06","2016-10-20","2017-05-02",NA,"","","","","","Central Region","Nonbreeding",15524.8528135368,50285.7861635203,"2016-08-28","2017-06-01",1,0,"4105-009","2016-10-13 22:14:05.585144",12,c(776068.666897077, 400762.337569902)
"7",10,7,"4105_016","2017-04-29 22:33:21","2017-05-22 22:40:14",-65.8205943246896,-66.4520615959988,-65.2324855905516,9.0580256538167,7.63758307599207,10.2889702497652,10,23.0047800925926,"Non-breeding period","","2740-81731",NA,"Setophaga","2016-06-22","","2017-06-22",NA,"2016-06-22","2017-06-22","","SY","Adult",71,13,"Male","striata","harness",58.71955,-93.83599,NA,NA,"","","","Churchill, Manitoba","Breeding","",NA,"Biotrack","?","MK-6","",NA,"Deluca et al. 2019","No",120,NA,NA,"Both","Yes","No",92.90378591,92,0.118,1000,20,3,1,0.8,250,14,FALSE,"No","Central",FALSE,FALSE,-93.8313,58.71955,"2016-10-22","2017-05-22",2017,"2017-03-20","No","2016-07-10","2016-08-20","2017-06-15","2017-06-20",2,"2016-09-11","2017-06-10","2016-09-09","2017-06-10","2016-10-31","2017-04-28",NA,"","","","","","Central Region","Nonbreeding",134069.47727961,295151.07008024,"2016-09-10","2017-06-10",3,0,"4105-016","2017-04-29 22:33:21",10,c(902958.311787749, 1005078.42230179)
"8",12,8,"4105_017","2016-11-15 22:28:51","2017-04-23 22:35:02",-64.7341580630623,-64.992755008935,-64.4601293389436,0.889333014767012,-0.0906176392352274,1.7624110957978,5,159.004293981481,"Non-breeding period","","2740-81712",NA,"Setophaga","2016-06-16","","2017-06-21",NA,"2016-06-16","2017-06-21","","ASY","Adult",77,12.75,"Male","striata","harness",58.71087,-93.84027,NA,NA,"","","","Churchill, Manitoba","Breeding","",NA,"Biotrack","?","MK-6","",NA,"Deluca et al. 2019","No",120,NA,NA,"Both","Yes","No",93.15526598,94,0.09,1000,20,3,1,0.9,250,14,FALSE,"No","Central",FALSE,FALSE,-93.8313,58.71955,"2016-11-15","2017-04-23",2017,"2017-03-20","No","2016-07-05","2016-08-20","2017-06-10","2017-06-20",2,"2016-09-13","2017-05-31","2016-08-19 0:00","2017-06-06 0:00","2016-11-30 0:00","2017-03-22 0:00",NA,"","","","","","Central Region","Nonbreeding",59284.4760143486,206278.21520918,"2016-09-13","2017-05-31",1,0,"4105-017","2016-11-15 22:28:51",12,c(1031386.23350884, 98770.2629625075)
"9",12,7,"4210_002","2016-10-15 21:56:44","2017-04-28 22:31:04",-63.8720372107536,-64.0206705548745,-63.723564193326,-1.50518027591197,-2.24352608519277,-0.789837965982636,7,195.023842592593,"Non-breeding period","","2740-81732",NA,"Setophaga","2016-06-22","","2017-06-21",NA,"2016-06-22","2017-06-21","","AHY","Adult",78,13.5,"Male","striata","harness",58.63169,-93.8201,NA,NA,"","","","Churchill, Manitoba","Breeding","",NA,"Biotrack","?","MK-6","",NA,"Deluca et al. 2019","No",120,NA,NA,"Both","Yes","No",92.71696,92.25,0.08,1000,20,3,1,0.9,250,14,FALSE,"No","Central",FALSE,FALSE,-93.8313,58.71955,"2016-10-15","2017-04-28",2017,"2017-03-20","No","2016-07-05","2016-08-20","2017-06-10","2017-06-20",0,"2016-09-06","2017-06-01","2016-09-06 0:00","2017-06-01 0:00","","",NA,"","","","","","Central Region","Nonbreeding",33062.316900784,161823.821202703,"2016-09-06","2017-06-01",1,0,"4210-002","2016-10-15 21:56:44",12,c(1127180.93823159, -167310.240861917)
"10",11,11,"4210_004","2016-11-30 10:41:01.553841","2017-04-17 10:39:49.652817",-72.87317095933,-73.087559978411,-72.6914391138825,1.10408698804817,0.223391408024303,1.93670320385163,8,137.999167812221,"Non-breeding period","","2740-81716",NA,"Setophaga","2016-06-18","","2017-06-24",NA,"2016-06-18","2017-06-24","","ASY","Adult",76,12.5,"Male","striata","harness",58.73192,-93.8277,NA,NA,"","","","Churchill, Manitoba","Breeding","",NA,"Biotrack","?","MK-6","",NA,"Deluca et al. 2019","No",120,NA,NA,"Both","Yes","No",92.52651409,91.75,0.1,1000,20,3,2,0.86,250,14,FALSE,"No ","Central",FALSE,TRUE,-93.8313,58.71955,"2016-10-11","2017-04-17",2017,"2017-03-20","No","2016-06-20","2016-09-05","2017-06-12","2017-06-21",0,"2016-09-08","2017-06-03","2016-09-08","2017-06-03","2016-10-30","2017-04-20",NA,"","","","","","Central Region","Nonbreeding",44087.7860496822,190724.996681607,"2016-09-10","2017-06-03",2,0,"4210-004","2016-11-30 10:41:01.553841",13,c(125422.61139947, 122091.693542714)
"11",11,8,"A","2014-04-09 23:00:28.933797","2014-05-06 22:56:06.120861",-70.2104965936844,-70.5839350742945,-69.7867034098704,6.99906730627594,5.91778015313036,8.52796792904124,11,26.9969581836048,"Non-breeding period","","2110-80395",NA,"Setophaga","2013-06-13","0:30:00","2014-06-04",NA,"2013-06-13","2014-06-04","2012-07-01","AHY","Adult",NA,11.2,"Male ","striata","harness",44.528354,-72.8165699,NA,NA,"captured and released on Mt Mansfield, VT","removal","none","Mount Mansfield, Vermont, USA","Breeding","Biotrack model MK-6 (~0.5 g including harness)",NA,"Biotrack","0.5","MK-6","tag-retrieval",NA,"Deluca et al. 2015","Yes ",120,NA,-4.01048079570135,"Both","Yes","Yes",93.0652857682246,92.25,0.125,1000,20,3,1,0.9,250,14,FALSE,"No","Eastern",TRUE,TRUE,-72.815699,44.528354,"2013-10-18","2014-05-06",2014,"2014-03-20","No","2013-07-01","2013-08-20","2014-05-30","2014-06-05",0,"2013-09-13","2014-05-26","2016-10-23",NA,"2016-09-02",NA,NA,"2013-10-13","2013-10-15","2013-10-17","2013-10-18","good","Eastern Region","Nonbreeding",88086.0785947723,290564.774089226,"2013-09-13","2014-05-26",3,0,"A","2014-04-09 23:00:28.933797",11,c(419757.887600541, 774521.438161423)
"12",11,5,"B","2013-10-24 04:00:00","2014-04-19 10:26:30",-71.4820676696267,-71.6462290720232,-71.3175852953029,7.12985253822285,6.37593178457263,7.81430511973526,7,177.268402777778,"Non-breeding period","","2490-89933",NA,"Setophaga","2013-06-18","4:45:00","2014-06-17",NA,"2013-06-18","2014-06-17","2012-07-01","AHY","Adult",NA,12.8,"Female ","striata","harness",44.528354,-72.815699,NA,NA,"captured and released on Mt Mansfield, VT","removal","none","Mount Mansfield, Vermont, USA","Breeding","Biotrack model MK-6 (~0.5 g including harness)",NA,"Biotrack","0.5","MK-6","tag-retrieval",NA,"Deluca et al. 2015","No ",120,NA,NA,"Both","Yes","No",92.52512211,92.5,0.16,1000,20,3,1,0.9,250,14,FALSE,"","Eastern",TRUE,FALSE,-72.815699,44.528354,"2013-10-24","2014-04-19",2014,"2014-03-20","No","2013-07-01","2013-08-20","2014-05-25","2014-06-10",0,"2013-09-03",NA,"","","","",NA,"2013-09-01","2013-11-01","2013-10-23","2013-10-24","good","Eastern Region","Nonbreeding",36301.5642675718,160118.987240926,"2013-09-19","2014-05-11",1,0,"B","2013-10-24 04:00:00",11,c(278855.859477998, 788673.507925541)
"13",10,9,"E","2014-03-27 23:16:39.240911","2014-04-28 10:27:38.053614",-72.8672343497,-73.2854069499021,-72.4781228893667,10.5197856745231,8.52345967128546,11.5654451710302,11,31.4659584803603,"Non-breeding period","","2540-59026",NA,"Setophaga","2013-06-18","0:50:00","2014-07-08",NA,"2013-06-18","2014-07-08","2012-07-01","Adult","Adult",NA,11,"Male ","striata","harness",44.528359,-72.815699,NA,NA,"captured and released on Mt Mansfield, VT","removal","none","Mount Mansfield, Vermont, USA","Breeding","Biotrack model MK-6 (0.6 g including harness) geolocators",NA,"Biotrack","0.6","MK-6","tag-retrieval",NA,"Deluca et al. 2015","No ",120,NA,NA,"Both","Yes","No ",93.38441885,91.5,0.255,1000,20,3,1,0.89,250,14,FALSE,"No ","Eastern",FALSE,FALSE,-72.815699,44.528354,"2013-11-10","2014-04-28",2014,"2014-03-20","No","2013-07-01","2013-08-20","2014-05-25","2014-06-10",0,NA,"2014-05-14","","","","",NA,"","","","","","Eastern Region","Nonbreeding",88355.9435502316,338632.276832107,"2013-10-18","2014-05-14",3,0,"E","2014-03-27 23:16:39.240911",10,c(124687.939419272, 1163423.68856329)
"14",12,4,"V7638_001","2018-11-03 09:52:49.336562","2019-04-27 10:02:24.751165",-62.3909123484104,-62.3960106031706,-62.3844739297177,3.40912474599288,3.38110687047818,3.43452448856477,11,175.006659891238,"Non-breeding period","","1780-53957",NA,"Setophaga","2018-06-12","","2019-07-08",NA,"","","","AHY","Adult",NA,NA,"Male","Striata","",63.72697,-149.4133,63.72709,-149.41327,"","","","Denali, Alaska","Breeding","",NA,"Biotrack","","MK-6040","",NA,"Unpublished","No",120,NA,NA,"Both","Yes","No",90.47625391,91.25,0.14,1000,20,3,1,0.71,250,14,FALSE,"No","Western",FALSE,TRUE,-149.416795,63.722625,"2018-11-03","2019-04-27",2019,"2019-03-19","Yes","2018-07-25","2018-08-25",NA,NA,0,"2018-09-01","2019-05-22","","","","",NA,"","","","","","Northwestern Region","Nonbreeding",1281.98395558967,5946.42204478886,"2018-08-31","2019-05-22",1,0,"7638-001","2018-11-03 09:52:49.336562",12,c(1290794.09372096, 379572.742168262)
"15",12,9,"V7638_005","2019-03-22 22:40:41","2019-04-20 22:29:14.428571",-65.2395728806953,-66.7906204052652,-63.730473448617,6.78389457655726,-0.554003554202377,10.0494135753665,11,28.9920535714234,"Non-breeding period","","1760-53518",NA,"Setophaga","2018-06-14","","2019-07-08",NA,"","","","AHY","Adult",NA,NA,"Male","Striata","",63.72635,-149.41446,63.72527,-149.41557,"","","","Denali, Alaska","Breeding","",NA,"Biotrack","","MK-6040","",NA,"Unpublished","No",120,NA,NA,"Both","Yes","No",90.69946741,92,0.16,1000,20,3,1,0.63,250,14,FALSE,"No","Western",FALSE,FALSE,-149.416795,63.722625,"2018-11-10","2019-04-20",2019,"2019-03-19","Yes","2018-07-25","2018-08-20",NA,NA,4,"2018-08-22","2019-05-22","","","","",NA,"","","","","","Northwestern Region","Nonbreeding",338268.43643688,1180366.99553229,"2018-08-25","2019-06-10",2,0,"7638-005","2019-03-22 22:40:41",12,c(970660.935164227, 753098.903144782)
"16",12,2,"V7638_009","2018-10-27 10:03:18.439452","2019-04-26 22:43:59.85118",-66.6418605938876,-66.9107958582454,-66.4261957739213,5.57913708637616,4.59769760442406,6.36830610875005,8,181.528257080184,"Non-breeding period","","1760-53502",NA,"Setophaga","2018-07-07","","2019-07-10",NA,"","","","AHY","Adult",NA,NA,"Male","Striata","",63.72141,-149.42673,63.72145,-149.4257,"","","","Denali, Alaska","Breeding","",NA,"Biotrack","","MK-6040","",NA,"Unpublished","No",120,NA,NA,"Both","Yes","No",90.76873855,92.75,0.12,1000,20,3,1,0.7,250,14,FALSE,"No","Western",FALSE,FALSE,-149.416795,63.722625,"2018-10-27","2019-04-26",2019,"2019-03-19","Yes","2018-07-25","2018-08-22",NA,NA,2.5,"2018-08-23","2019-05-23","","","","",NA,"","","","","","Northwestern Region","Nonbreeding",53689.8863886342,197103.237095808,"2018-08-27","2019-05-22",1,0,"7638-009","2018-10-27 10:03:18.439452",12,c(816525.370502142, 618634.789046419)
"17",12,6,"V7638_010","2019-02-27 22:37:16.268562","2019-04-27 22:30:44.473552",-62.8222654750228,-64.0561589392005,-61.6199397222093,3.47664743488934,-2.79928738124784,9.22933253080981,10,58.9954653355341,"Non-breeding period","","2850-21906",NA,"Setophaga","2018-07-03","","2019-07-08",NA,"","","","AHY","Adult",NA,NA,"Male","Striata","",63.717,-149.40282,63.72733,-149.41238,"","","","Denali, Alaska","Breeding","",NA,"Biotrack","","MK-6040","",NA,"Unpublished","No",120,NA,NA,"South and partial North","Yes","No",91.59768667,93.5,0.13,1000,20,3,1,0.83,250,14,TRUE,"No","Western",FALSE,TRUE,-149.416795,63.722625,"2018-10-26","2019-04-27",2019,"2019-03-19","No","2018-07-25","2018-08-24",NA,NA,4,"2018-08-26",NA,"","","","",NA,"","","","","","Northwestern Region","Nonbreeding",270699.492993128,1339019.84355609,"2018-08-26",NA,2,0,"7638-010","2019-02-27 22:37:16.268562",12,c(1242774.60880153, 386896.070814636)
"18",14,8,"V7638_011","2018-10-28 10:08:00","2019-04-26 09:47:36",-59.3057986455227,-59.7590997209579,-58.9183310762484,-1.59071162446294,-2.80060841912271,0.032166027575631,10,179.985833333333,"Non-breeding period","","1760-53590",NA,"Setophaga","2018-07-12","","2019-07-08",NA,"","","","AHY","Adult",NA,NA,"Male","Striata","",63.72384,-149.41913,63.72527,-149.41557,"","","","Denali, Alaska","Breeding","",NA,"Biotrack","","MK-6040","",NA,"Unpublished","No",120,NA,NA,"Both","Yes","No",91.35702502,92.75,0.08,1000,20,3,1,0.86,250,14,FALSE,"No","Western",FALSE,FALSE,-149.416795,63.722625,"2018-10-11","2019-04-26",2019,"2019-03-19","Yes","2018-07-25","2018-08-25",NA,NA,3.5,"2018-08-22","2019-05-22","","","","",NA,"","","","","","Northwestern Region","Nonbreeding",93557.8683078436,315343.008938657,"2018-08-21","2019-05-21",2,0,"7638-011","2018-10-28 10:08:00",14,c(1635329.80748922, -177848.084874147)
"19",11,10,"V8296_004","2020-02-18 22:59:34","2020-04-18 10:45:16",-75.2828668546804,-75.2904394413652,-75.2737065053014,-4.56109557596818,-4.57432115885759,-4.51004810977863,9,59.4900694444444,"Non-breeding period","","2920-25333",NA,"Setophaga","2019-07-10","7:00","?",NA,"2019-07-10","","","SY","Adult",71,12,"Male","striata","harness",47.38248,-71.08315,NA,NA,"","","","Quebec","Breeding","",NA,"Lotek","?","ML-6740","",NA,"Unpublished","No ",120,NA,59.21956088,"Both","Yes","Yes",92.847678177219,93.75,0.15,1000,20,3,1,0.9,250,14,FALSE,"","Eastern",FALSE,FALSE,-71.08716,47.38339,"2019-10-04","2020-04-18",2020,"2020-03-19","No","2019-07-17","2019-09-10",NA,NA,0,"2019-09-10","2020-05-27","","","","",NA,"","","","","","Eastern Region","Nonbreeding",1856.80293983755,7154.84309520066,"2019-09-20","2020-05-26",2,0,"8296-004","2020-02-18 22:59:34",13,c(-142508.283563241, -504392.880209428)
"20",10,11,"V8296_005","2020-03-15 23:10:54","2020-04-01 10:34:02",-72.1718853596982,-72.4125517749018,-71.9183252428741,10.4418354158335,6.18212201974629,11.9915499406507,7,16.4743981481481,"Non-breeding period","","2920-25307",NA,"Setophaga","2019-06-18","6:45","?",NA,"2019-06-18","","","SY","Adult",72,11.4,"Male","striata","harness",47.38323,-71.09479,NA,NA,"","","","Quebec","Breeding","",NA,"Lotek","?","ML-6740","",NA,"Unpublished","Yes ",120,NA,55.95313996,"Both","Yes","Yes",93.33852757,93,0.085,1000,20,3,1,0.8,250,14,FALSE,"Yes","Eastern",FALSE,FALSE,-71.08716,47.38339,"2019-10-11","2020-04-01",2020,"2020-03-19","No","2019-07-01","2019-08-20",NA,NA,0,"2019-09-09","2020-05-27","","","","",NA,"2019-09-28","2019-10-01","2019-10-08","2019-10-09","good","Eastern Region","Nonbreeding",54105.9250674849,646702.557955301,"2019-09-08","2020-05-27",2,0,"8296-005","2020-03-15 23:10:54",10,c(201261.232083386, 1154921.43325227)
"21",10,NA,"V8296_006","2020-04-02 22:59:36","2020-05-04 23:00:12",-69.7598908076961,-70.1874870505355,-69.3646042199021,10.3283364059901,8.7324261741244,11.4410860925066,10,32.0004166666667,"Non-breeding period","","2920-25329",NA,"Setophaga","2019-07-09","8:20","?",NA,"2019-07-09","","","AHY","Adult",73,13.1,"Male","striata","harness",47.38599,-71.08172,NA,NA,"","","","Quebec","Breeding","",NA,"Lotek","?","ML-6740","",NA,"Unpublished","No",120,NA,NA,"Both","Yes","Yes",92.40639789,93,0.1,1000,20,3,1,0.92,250,14,FALSE,"Yes ","Eastern",FALSE,FALSE,-71.08716,47.38339,"2019-10-13","2020-05-04",2020,"2020-03-19","No","2019-07-17","2019-09-10",NA,NA,0,"2019-09-21","2020-05-28","","","","",NA,"","","","","","Eastern Region","Nonbreeding",90118.5841897388,301526.642846459,"2019-09-27","2020-05-28",3,0,"8296-006","2020-04-02 22:59:36",10,c(466912.858734085, 1143212.8450712)
"22",11,10,"V8296_017","2020-03-30 22:58:30","2020-05-03 10:22:15",-70.8578604637067,-71.2432121479583,-70.4774166440936,7.30008473946415,5.65455260195602,8.97947656758161,8,33.4748263888889,"Non-breeding period","","2920-25338",NA,"Setophaga","2019-07-11","5:50","2020-05-27",NA,"2019-07-11","","","ASY","Adult",72,10.9,"Male","striata","harness",47.38355,-71.08777,NA,NA,"","","","Quebec","Breeding","",NA,"Lotek","?","ML-6740","",NA,"Unpublished","No",120,NA,59.49442113,"Both","Yes","Yes",92.5417576,93.25,0.1,1000,20,3,1,0.92,250,14,FALSE,"","Eastern",TRUE,FALSE,-71.08716,47.38339,"2019-10-12","2020-05-03",2020,"2020-03-19","No","2019-07-17","2019-09-29",NA,NA,0,NA,NA,"","","","",NA,"2019-10-05","2019-10-07","2019-10-11","2019-10-12","good ","Eastern Region","Nonbreeding",84556.9570806351,370128.842779793,"2019-09-13","2020-05-26",2,0,"8296-017","2020-03-30 22:58:30",11,c(347898.381265612, 807651.041713903)
"23",11,5,"V8296_026","2020-04-19 23:09:37","2020-05-07 23:01:07",-71.3039290914192,-71.8797484442233,-70.8957366104912,8.94990789892403,7.87625616920806,10.8797595028837,10,17.9940972222222,"Non-breeding period","","2920-25334",NA,"Setophaga","2019-07-10","7:20","?",NA,"2019-07-10","","","ASY","Adult",75,13.4,"Male","striata","harness",47.3811,-71.08306,NA,NA,"","","","Quebec","Breeding","",NA,"Lotek","?","ML-6740","",NA,"Unpublished","No",120,NA,55.38074997,"Both","Yes","Yes",91.87504221,93,0.12,1000,20,3,1,0.9,250,14,FALSE,"","Eastern",FALSE,FALSE,-71.08716,47.38339,"2019-10-02","2020-05-07",2020,"2020-03-19","No","2019-07-20","2019-09-15",NA,NA,0,NA,"2020-05-26","","","","",NA,"","","","","","Eastern Region","Nonbreeding",108205.988635675,334348.461700674,"2019-09-19","2020-05-26",2,0,"8296-026","2020-04-19 23:09:37",11,c(297695.591380519, 990075.420657533)
"24",14,9,"V8757_010","2020-01-02 09:27:54","2020-04-21 09:21:54",-54.3749923347584,-54.7315586579196,-54.0177475323623,-0.390194452311765,-2.09728029302209,1.24448326956972,11,109.995833333333,"Non-breeding period","","2920-25502",NA,"Setophaga","2019-06-16","15:30:00","",NA,"2019-07-16","","","SY","Adult",77,12.3,"Male","striata","",58.16343635,-129.8574554,NA,NA,"","","","British Columbia, Highway 37","Breeding","",NA,"Lotek","","ML-6740","",NA,"Unpublished","Yes ",120,NA,4.301423501,"Both","Yes","Yes",93.95811619,94,0.1,1000,20,3,1,0.84,100,14,FALSE,"No","Western",FALSE,FALSE,-129.8574554,58.16343635,"2019-11-11","2020-04-21",2020,"2020-03-19","No","2019-06-25","2019-08-15",NA,NA,1,"2019-08-30","2020-05-28","","","","",NA,"","","","","","Western Region","Nonbreeding",79459.2483588662,372003.418139236,"2019-08-30","2020-05-28",2,0,"8757-010","2020-01-02 09:27:54",14,c(2184611.77517762, -44006.6439583431)
"25",10,11,"V8757_018","2019-10-06 21:55:57","2020-04-26 10:34:09",-70.3128946848916,-70.5516218055013,-70.099079027177,11.1582205600169,10.7597487850208,11.3288206704213,7,202.526527777778,"Non-breeding period","","2920-25337",NA,"Setophaga","2019-07-11","5:40","?",NA,"2019-07-11","2020-06-03","","AHY","Adult",74,12.1,"Male","striata","harness",47.38517,-71.08742,NA,NA,"","","","Quebec","Breeding","",NA,"Lotek","?","ML-6740","",NA,"Unpublished","No",120,NA,56.71374323,"Both","Yes","Yes",92.21088445,90.75,0.05,1000,20,3,1,0.92,250,14,FALSE,"","Eastern",TRUE,FALSE,-71.08716,47.38339,"2019-10-06","2020-04-26",2020,"2020-03-19","No","2019-07-15","2019-08-30","2020-06-01","2020-06-15",0,"2019-09-14","2020-05-22","","","","",NA,"2019-09-26","2019-09-28","2019-10-02","2019-10-03","good","Eastern Region","Nonbreeding",49424.5298102223,63348.7925075496,"2019-09-14","2020-05-22",1,0,"8757-018","2019-10-06 21:55:57",10,c(405275.585221916, 1234816.75750358)
"26",12,7,"V8757_019","2020-03-09 22:36:20.387805","2020-04-27 22:33:01.637805",-63.894318679984,-63.923527395942,-63.8449487136267,2.56119236814409,2.43633141201596,2.77864455493501,9,48.9976996527778,"Non-breeding period","","2920-25510",NA,"Setophaga","2019-06-21","SY","",NA,"2019-07-10","2020-06-20","","ASY","Adult",74,13.2,"Male","striata","",58.16343635,-129.8574554,NA,NA,"","","","British Columbia, Highway 37","Breeding","",NA,"Lotek","","ML-6740","",NA,"Unpublished","No",120,NA,3.998503387,"Both","Yes","Yes",91.58895908,92.75,0.12,1000,20,3,1,0.83,250,14,FALSE,"","Western",FALSE,FALSE,-129.8574554,58.16343635,"2019-10-19","2020-04-27",2020,"2020-03-19","No","2019-07-15","2019-08-28",NA,NA,0,"2019-09-01","2020-06-06","","","","",NA,"","","","","","Western Region","Nonbreeding",8738.60088646069,38106.1247615947,"2019-09-01","2020-06-09",2,0,"8757-019","2020-03-09 22:36:20.387805",12,c(1124211.78930633, 284686.770282095)
"27",10,8,"V8757_029","2020-04-08 22:48:56","2020-04-24 22:49:31",-67.4491597133146,-68.6658481806527,-66.3432396036389,9.3984751209642,6.21861014246418,10.6364217155767,13,16.0004050925926,"Non-breeding period","","2920-25508",NA,"Setophaga","2019-06-29","","",NA,"2019-06-21","2020-06-09","","SY","Adult",72,12.5,"Male","striata","",58.16343635,-129.8574554,NA,NA,"","","","British Columbia, Highway 37","Breeding","",NA,"Lotek","","ML-6740","",NA,"Unpublished","Yes ",120,NA,3.985505043,"Both","Yes","Yes",91.66857607,93.25,0.15,1000,20,3,1,0.76,250,14,FALSE,"No","Western",FALSE,FALSE,-129.8574554,58.16343635,"2019-10-26","2020-04-24",2020,"2020-03-19","No","2019-06-28","2019-08-15","2020-06-10","2020-06-15",1,"2019-09-01","2020-06-01","","","","",NA,"","","","","","Western Region","Nonbreeding",255080.472911405,491788.53473952,"2019-09-01","2020-06-01",4,0,"8757-029","2020-04-08 22:48:56",10,c(722715.504147993, 1041589.36527468)
"28",12,9,"V8757_055","2020-04-29 22:23:57","2020-05-13 22:30:42",-63.364637191469,-64.9838331838376,-61.7515033543667,6.67472069069154,2.50876987029334,10.0961374922797,10,14.0046875,"Non-breeding period","","2920-25204",NA,"Setophaga","2019-06-27","","?",NA,"2019-06-27","","","SY","Adult",75,13,"Male","striata","harness",62.432741,-114.420252,NA,NA,"","","","Northwest territories ","Breeding","",NA,"Lotek","?","ML-6740","",NA,"Unpublished","Yes ",120,NA,-5.466108711,"Both","Yes","Yes",97.62019278,91.75,0.18,1000,20,3,1,0.8,250,14,FALSE,"Yes","Central",FALSE,FALSE,-114.420252,62.432741,"2019-11-05","2020-05-13",2020,"2020-03-19","No","2019-08-03","2019-09-03",NA,NA,3.5,"2019-09-12","2020-06-20","","","","",NA,"","","","","","Central Region","Nonbreeding",357381.811753555,844621.900140895,"2019-09-12","2020-06-30",3,7,"8757-055","2020-04-29 22:23:57",12,c(1178573.40293079, 742354.655151688)
"29",11,10,"V8757_078","2020-03-22 23:04:00","2020-04-28 10:15:05",-69.7110629511393,-70.2299730723396,-69.1678905718999,7.48332884479901,4.56943772779218,10.3349945752774,6,36.4660300925926,"Non-breeding period","","2920-25303",NA,"Setophaga","2019-06-17","6:10","?",NA,"2019-06-17","2020-06-17","","SY","Adult",69,10.7,"Male","striata","harness",47.37864,-71.09769,NA,NA,"","","","Quebec","Breeding","",NA,"Lotek","?","ML-6740","",NA,"Unpublished","No",120,NA,56.248160413901,"Both","Yes","Yes",92.7221890086026,93,0.11,1000,20,3,2,0.87,250,14,FALSE,"","Eastern",TRUE,FALSE,-71.08716,47.38339,"2019-10-09","2020-04-28",2020,"2020-03-19","No","2019-07-01","2019-09-20","2020-06-05","2020-06-15",0,NA,"2020-05-28","","","","",NA,"2019-09-30","2019-10-02","2019-10-08","2019-10-09","good ","Eastern Region","Nonbreeding",117223.46177258,641818.852401726,"2019-09-21","2020-05-28",3,0,"8757-078","2020-03-22 23:04:00",11,c(474740.303331172, 828285.746934698)
"30",11,8,"V8757_096","2020-05-06 23:00:58.293221","2020-05-23 22:56:33.2037",-69.7831690653911,-70.6480338304356,-68.8951457180811,4.73015036131221,3.081570674827,7.52586628767321,13,16.996931834243,"Non-breeding period","","2740 67825 ",NA,"Setophaga","2019-06-25","9:30:00","",NA,"2019-07-12","2020-07-08","","SY","Adult",76,12.7,"Male","striata","",49.45833,-56.225,NA,NA,"","","","Newfoundland ","Breeding","",NA,"Lotek","","ML-6740","",NA,"Unpublished","Yes ",120,NA,-3.920918413,"Both","Yes","Yes",97.68084082,92.25,0.2,1000,20,3,1,0.9,250,14,FALSE,"No","Eastern",FALSE,TRUE,-56.225,49.45833,"2019-11-19","2020-05-23",2020,"2020-03-19","No","2019-07-20","2019-09-20","2013-06-20","2013-07-07",0,"2019-08-30","2020-06-17","","","","",NA,"","","","","","Eastern Region","Nonbreeding",194465.971185271,494736.724556819,"2019-10-03","2020-06-16",3,7,"8757-096","2020-05-06 23:00:58.293221",11,c(468354.874084173, 523519.674813328)
"31",11,8,"V8757_134","2020-04-27 22:38:36","2020-05-13 22:47:34",-67.3250153827599,-68.5516147497967,-66.0003296976171,7.30905205675549,4.12518237611033,10.2641823532551,11,16.0062268518518,"Non-breeding period","","2740 67829 ",NA,"Setophaga","2019-06-26","8:10:00","",NA,"2019-07-12","2020-07-12","","AHY","Adult",74,12.8,"Male","striata","",49.45833,-56.225,NA,NA,"","","","Newfoundland ","Breeding","",NA,"Lotek","","ML-6740","",NA,"Unpublished","No",120,NA,-4.443608006,"Both","Yes","Yes",97.13703665,91.5,0.16,1000,20,3,1,0.86,250,14,FALSE,"","Eastern",FALSE,TRUE,-56.225,49.45833,"2019-10-21","2020-05-13",2020,"2020-03-19","No","2019-07-20","2019-09-20","2013-06-20","2013-07-02",0,"2019-09-29","2020-06-15","","","","",NA,"","","","","","Eastern Region","Nonbreeding",281699.630093405,683390.351435669,"2019-09-30","2020-06-14",3,7,"8757-134","2020-04-27 22:38:36",11,c(739040.247643365, 810072.534390292)
"32",10,5,"WRMA04173","2020-05-01 23:13:30","2020-06-03 00:00:24",-68.1220478268303,-68.1252026811232,-68.113866076858,10.4866519279742,10.4824713056697,10.4875822069668,3,32.0325694444444,"Non-breeding period","","AA9562",NA,"Setophaga","2020-03-07","6:40:00","2021-02-23","9:00:00","2021-03-07","","","AHY","Adult",71,11.6,"Female ","striata","",4.00841,-73.45515,NA,NA,"","","","Santa Rosa, Colombia","Nonbreeding","",NA,"Lotek ","","ML-6740","",NA,"Unpublished","Yes ",120,NA,NA,"North","Yes","No",93.757347,NA,0.05,1000,20,3,1,0.9,250,14,FALSE,"No","Eastern",FALSE,TRUE,-73.45515,4.00841,NA,"2020-06-03",2021,"2021-03-20","No","2020-03-15","2020-04-25","2013-06-20","2013-07-02",0,NA,"2020-06-18","","","","",NA,"","","","","","Eastern Region","Nonbreeding",1240.90650225635,568.94292989073,NA,"2020-06-18",2,0,"WRMA04173","2020-05-01 23:13:30",10,c(647045.486722765, 1161715.14990087)
"33",12,6,"blpw09","2016-10-29 22:13:30","2017-04-25 22:38:03",-61.9981839554292,-62.2268298765373,-61.7741731815596,2.84827761527916,1.96801297615483,3.72365255758857,7,178.017048611111,"Non-breeding period","3254-043","2740-82809",NA,"Setophaga","2016-06-17","","2017-06-12",NA,"2016-06-17","2017-06-12","","AHY","Adult",76,13.28,"Male","striata","harness",60.065032,-132.312099,NA,NA,"","","","Whitehorse, Yukon","Breeding","",NA,"Biotrack","?","MK-6","",NA,"Deluca et al. 2019","No",120,NA,NA,"Both","Yes","No",92.15364648,92.75,0.14,1000,20,3,1,0.85,250,14,FALSE,"No","Western",FALSE,FALSE,-132.311396,60.066092,"2016-10-29","2017-04-25",2017,"2017-03-20","No","2016-07-01","2016-08-20","2017-06-05","2017-06-12",2,"2016-09-04","2017-05-21","","","2016-11-03","2017-04-13",NA,"","","","","","Western Region","Nonbreeding",50327.2623603219,195436.90422172,"2016-09-04","2017-05-21",1,0,"blpw09","2016-10-29 22:13:30",12,c(1334936.18174252, 317278.050566896)
"34",12,8,"blpw12","2016-10-20 10:02:54","2017-04-18 09:56:21",-64.2377731324065,-64.3749724286166,-64.0939958176472,4.89538254060636,4.12118183226126,5.5864467391175,9,179.995451388889,"Non-breeding period","","2740-82812",NA,"Setophaga","2016-07-17","","2017-06-11",NA,"2016-07-17","2017-06-11","","SY","Adult",75,12.94,"Male","striata","harness",60.064575,-132.306115,NA,NA,"","","","Whitehorse, Yukon","Breeding","",NA,"Biotrack","?","MK-6","",NA,"Deluca et al. 2019","No",120,NA,NA,"Both","Yes","No",91.49626128,93,0.105,1000,20,3,1,0.9,250,14,FALSE,"No","Western",FALSE,FALSE,-132.311396,60.066092,"2016-10-20","2017-04-18",2017,"2017-03-20","No","2016-07-01","2016-08-20",NA,NA,2,"2016-08-24","2017-05-25","","","","",NA,"","","","","","Western Region","Nonbreeding",31164.0757811453,163112.54330849,"2016-08-24","2017-05-25",1,0,"blpw12","2016-10-20 10:02:54",12,c(1084087.79052663, 543957.183601092)
"35",12,8,"blpw14","2016-12-19 22:12:13","2017-04-20 22:32:55",-62.1747819335393,-62.6709488248878,-61.7137314760651,7.76378434218607,5.74034362392798,9.48114137701072,11,122.014375,"Non-breeding period","3254-024","2740-82815",NA,"Setophaga","2016-06-18","","2017-06-11",NA,"2016-06-18","2017-06-11","","SY","Adult",76,13.18,"Male","striata","harness",60.066092,-132.306727,NA,NA,"","","","Whitehorse, Yukon","Breeding","",NA,"Biotrack","?","MK-6","",NA,"Deluca et al. 2019","Yes ",120,NA,NA,"Both","Yes","No",91.44965505,93.75,0.13,1000,20,3,1,0.86,150,14,FALSE,"No","Western",FALSE,FALSE,-132.311396,60.066092,"2016-11-02","2017-04-20",2017,"2017-03-20","No","2016-07-01","2016-08-20","2017-06-01","2017-06-10",2.5,"2016-09-02","2017-05-22","","","","",NA,"","","","","","Western Region","Nonbreeding",105580.163292172,416423.701033793,"2016-09-03","2017-05-22",2,0,"blpw14","2016-12-19 22:12:13",12,c(1308318.00909404, 864663.874784037)
"36",12,4,"blpw25","2016-11-01 22:27:10","2017-04-24 22:41:03",-64.7376239643348,-65.1072909119462,-64.4098005240309,1.09011112125847,-0.33109823728822,2.32588508510779,7,174.009641203704,"Non-breeding period","3254-034","2740-82825",NA,"Setophaga","2016-06-19","10:40:00","2017-06-12",NA,"2016-06-19","2017-06-12","","AHY","Adult",75,11.84,"Male","striata","harness",60.557287,-133.124878,NA,NA,"","","","Whitehorse, Yukon","Breeding","",NA,"Biotrack","?","MK-6","",NA,"Deluca et al. 2019","No",120,NA,NA,"Both","Yes","No",91.95202075,91,0.08,1000,20,3,2,0.87,100,14,FALSE,"No","Western",FALSE,FALSE,-132.311396,60.066092,"2016-11-01","2017-04-24",2017,"2017-03-20","No","2016-07-01","2016-08-20","2017-06-01","2017-06-10",1,"2016-08-23","2017-05-26","","","","",NA,"","","","","","Western Region","Nonbreeding",77630.2218504605,295774.030495344,"2016-08-23","2017-06-05",1,0,"blpw25","2016-11-01 22:27:10",12,c(1030958.96454953, 121068.525139803)
